R&D Spend,Administration,Marketing Spend
131958,170420,73686
156867,153691,67661
141932,156306,44247
113694,147856,245121
129879,88304,147820
120268,161783,266765
64886,119449,146106
147337,132986,258930
178266,139643,136194
97498,70764,280174
122727,158940,38638
136324,136027,118033
185203,88494,105977
26023,53373,88869
51090,62161,105186
77221,147532,296818
74820,142658,166926
10769,173633,46271
69735,150386,141339
74925,77350,221897
15311,143008,1062
113355,144297,247736
194779,75351,50448
95305,138668,95462
169765,164585,245885
140608,65305,47915
166730,125353,266776
94478,126797,104592
132537,115953,134668
159503,107458,108099
140523,157112,7561
12747,70358,82152
133855,53267,125036
75725,132745,26734
139981,139588,26069
94654,88513,210977
176845,76092,12910
129346,61338,81264
77435,50412,23275
66886,57543,72274
76803,155891,191076
41551,83496,194053
126216,110692,185625
21394,139084,48447
79092,142920,75703
13890,173555,279404
51606,94425,112581
97313,88756,265956
151699,68888,189728
18792,85735,116421
184073,97295,1605
164969,167474,72303
78148,164352,158211
134243,133042,187210
130174,135999,261949
164555,67955,144990
134358,87841,158518
58555,120640,124040
27159,115510,144118
120510,84911,231966
116530,109031,266468
90077,138726,271255
45920,57357,16389
29457,82479,122177
88953,111476,159818
62995,94811,122883
181829,86208,218958
19692,70150,238213
186830,121180,112221
47065,93286,275378
109299,162856,260669
173678,118450,234936
21534,71352,846
50397,105069,10954
101387,161888,244761
11016,160448,137541
65591,64397,64323
33247,91555,91922
34300,96959,189139
92798,50728,180448
19268,100517,176659
96807,169180,235659
22185,116234,104537
180171,89954,241983
149643,97280,42533
48044,129459,263972
61214,66779,1917
124752,113932,282762
58984,122936,32254
50774,74466,261987
12568,86939,47362
130151,119896,282272
143767,85270,242353
134375,109163,190455
189262,132637,65545
146330,101934,82180
49504,114895,87958
174231,82307,5287
23986,104098,257665
71858,110921,8512
139312,55486,132414
22666,58335,108872
48660,136900,247754
144633,176020,93070
36854,171954,79767
74505,152795,97829
114488,139112,42078
193323,147203,83524
32662,61130,227645
18392,137508,12219
40535,155955,262379
123569,168324,127309
62256,110566,139639
99135,116703,196513
137478,77192,248320
45222,51062,136487
87373,134076,167231
133684,139780,43925
20965,71545,137023
34538,71689,87388
118066,61174,8007
123252,138461,257802
149182,176174,58596
168338,153033,255266
194064,59348,15524
108806,73714,155002
147982,88102,125501
120989,124460,282755
100982,152634,148056
131626,139930,14060
129176,56801,214057
141278,153150,190279
132409,122267,206118
33419,98136,160359
191708,73625,39711
60015,132873,143026
132096,150843,218134
117059,122592,102974
195340,127052,149646
120687,94261,150168
97939,51542,67728
159213,71677,165088
115878,96732,11246
197116,100343,92263
174899,89081,11302
196892,112856,41157
72623,143105,54917
85450,138858,223810
103426,69065,96646
127845,174097,286663
163371,133460,267552
53585,138092,59379
119225,176116,25053
74044,104693,131994
183629,76962,98723
190152,78295,51356
119556,63807,272933
12693,92348,32154
105259,76432,213942
35939,133285,264480
189997,156995,281173
184013,141792,32265
162906,107854,243322
28047,90262,174944
36105,87080,46197
85766,51324,154782
156779,141267,160558
163048,174707,71907
54262,85909,202967
135117,139339,232604
33776,69870,282247
171152,84578,64772
138376,122124,126108
147848,167611,14382
102787,153605,84291
137948,76790,134828
65016,168874,282753
150546,75289,147550
199125,105129,232050
31959,143714,130330
146602,144246,71315
129101,65485,14153
13748,94482,76325
23545,136188,240773
137659,54748,55318
175838,136769,76077
83530,59435,133515
103557,53709,206988
71087,173961,125885
78840,80355,17368
128451,105771,146400
195456,107799,188014
61005,63116,91751
187648,75470,230203
49353,92344,289450
62733,92918,170987
75318,102224,299363
164736,89298,211951
77172,158492,195716
103264,130219,60279
36736,111629,126
122859,116040,27632
122181,149518,196382
141926,149835,109945
100084,78016,250869
179695,73960,217138
17392,83591,175399
65680,132848,134869
187789,153333,178954
60859,161732,144790
135657,164821,34560
167381,117641,284260
80467,86395,132717
193734,161276,178595
108506,179695,124085
119751,72700,281400
128906,84620,100158
153760,153214,184245
35342,178148,168502
178229,70559,142766
116308,143045,57545
193155,143396,13224
116081,111642,40738
99045,126539,180760
44698,71732,239690
120078,178675,139649
90623,141362,8070
32671,80354,126161
166256,63843,8666
103384,160008,298512
183179,164065,137855
96202,121726,41914
61663,67640,201579
25708,102528,127738
101906,88413,246965
59811,178142,282100
143883,102638,218967
66250,102736,94270
122547,157892,266901
134249,160133,19097
44754,156357,141467
152483,118866,147313
143983,69087,158768
149752,91430,246726
94896,74504,46163
81295,57114,19816
110689,128859,233619
21111,149657,155989
47504,60975,96731
142874,61023,152638
18155,71447,206524
49384,140469,62823
122561,175899,151878
57254,73959,206592
31918,116203,1759
95981,169156,257164
40306,79703,133554
157718,59337,286586
56843,96427,93501
130975,171507,264223
106601,111529,59676
117512,152023,217516
157443,134665,173532
121472,155787,90397
143121,81921,72847
172688,83307,93607
113727,77355,220178
122893,153268,149521
30932,177016,64077
127796,54835,179374
39855,70159,257009
184088,154346,137717
17400,97605,38000
127858,171790,26737
183714,155616,273629
25151,88088,186240
192479,128752,52487
76690,105284,274486
14499,107043,78623
16295,175388,183675
130885,85547,213046
136071,147007,105947
69040,132844,288543
22183,77532,128177
170371,84349,216454
153946,172402,109575
126336,168012,207606
42711,95445,292822
15539,55713,76218
194423,106178,63230
189426,99407,245756
136063,120340,162552
143629,100990,39986
48360,125672,155232
143272,179473,101358
188047,115545,73506
31357,134791,34911
129121,108141,206111
87505,73793,84458
12869,106570,12175
60108,145084,121300
122296,87892,86925
104179,51015,244446
100272,174704,66358
48467,111813,47057
33328,77712,268294
101412,150497,266569
145059,58415,254726
68871,161854,278176
163471,162816,2198
138391,178778,184466
187286,112292,167292
96416,73833,144931
80271,54158,162491
54064,112680,260910
117450,70309,23236
181890,56970,87955
186597,122474,216586
29830,136704,103145
158501,96540,146430
147965,70384,230785
126381,68017,94914
57333,125880,207990
144508,155570,14596
86213,58702,132351
146967,50384,194269
160810,50404,138155
40746,90943,120674
59377,97926,257529
189476,79189,240469
64045,62763,256713
107888,68384,19063
180862,110100,67642
117455,148142,90093
146672,59860,217215
103179,154293,182992
181836,130642,159601
55714,100612,35954
197907,73574,27856
112946,73524,2573
119616,119172,35367
115983,60916,237804
197563,54809,23752
134123,82201,148757
159661,103330,116739
53484,63456,238009
92989,163748,256028
46212,106397,207980
53525,171288,256609
188274,88765,188456
173707,84816,31653
73208,95106,157729
43828,103932,228504
159783,67100,121829
13420,107091,128377
106752,71949,1622
141373,120080,48756
186308,87744,40809
125294,95543,16725
195312,158319,192468
134019,142193,51226
75726,86187,81182
151564,162734,29402
125668,57239,4263
16102,174454,227595
191408,64489,177900
128015,164937,47924
36641,108017,224137
175656,111877,297881
173817,93125,160445
164165,99922,167469
113746,144074,101371
192957,82049,38709
46631,87131,192192
82991,92944,150322
14014,165765,21172
21093,123963,11555
28070,156884,53276
45777,175917,57492
66958,74285,184074
92074,87626,256010
20729,92808,222320
186089,138464,11046
168823,103871,228071
115864,69198,184374
140858,69758,266997
115510,65254,120900
64748,94238,59129
15801,51252,237091
160262,89764,205550
190761,127709,244883
192065,87441,114130
39592,142234,146922
20647,103682,121789
149788,109494,155130
120627,131317,176492
80316,115215,38890
12368,128587,66017
87575,155185,178376
16655,56949,163993
80031,157825,132596
97922,105393,100424
196838,123553,277192
134046,56941,168976
154475,75934,34008
42097,73386,205738
152038,175362,83559
134862,111886,55337
128834,125745,275494
103848,133251,24354
62921,144456,45186
190798,103413,28145
136141,106800,86123
191372,147239,206258
32677,92318,216541
65609,169803,20581
197733,120173,88929
41024,120390,285195
80313,102329,51474
137813,172418,91748
194078,93088,125995
105285,166868,245690
156410,153196,269104
123632,89811,180553
160580,164825,36408
13051,105479,259568
189819,135392,151563
124692,137369,132413
97235,167520,175695
195093,69963,90327
199407,105123,202503
197251,175911,143326
173165,152468,182932
180806,142705,11344
83523,123477,67957
104476,64388,105423
27019,55569,146968
93613,119836,186833
96672,154573,193624
83847,86586,251147
92750,177018,77454
38251,62015,257594
113481,95002,37641
122566,166594,29711
35945,56254,143254
100852,67144,87833
42217,74214,281685
18308,155654,44813
15949,130719,168270
193062,121774,139892
142222,56090,286214
110235,61637,204615
84740,72415,41786
126352,74071,226006
76617,108243,230876
26896,160951,298206
140798,175827,287654
187247,158215,281570
148877,91240,37265
15237,176146,249321
30056,133807,66150
186615,151570,87312
197628,83434,89613
124548,119724,121826
121488,165359,35435
144415,125697,210017
154572,78732,134055
194294,171465,151734
39375,61314,285654
150734,73954,209259
26964,107108,172070
123429,137044,94071
77215,137505,268784
79042,161195,146389
154356,153081,115608
103468,86668,269708
19435,73061,158417
195412,129252,113824
185150,89749,254444
88832,179668,79273
61293,154680,211837
88781,66907,110017
170196,68777,123618
53919,143229,125341
176319,101745,291574
131172,158464,206604
104758,178077,27788
66573,141865,226577
69101,162428,39974
36646,131818,16371
114185,73624,182256
33049,73321,73972
108116,60488,193259
107379,72574,275128
78385,55240,295183
136131,93221,85431
181230,60478,105373
33289,178055,181144
120226,105645,286718
110793,160698,250195
19823,69262,143748
51975,168831,32733
19540,102796,216752
26364,54432,2050
145683,145257,109996
37663,114291,33933
61991,129104,24951
198751,109399,32413
114182,177600,165873
172049,129714,186691
104704,100428,188847
59115,137731,221888
101007,175646,261044
159143,50302,221165
21938,132558,243662
176267,50055,166472
101680,161317,211760
14000,58717,122744
111042,177449,205763
103610,78699,43001
